worker_id,ring_name,birthday,birthplace,height_cm,weight_kg,promotion,rating,votes,profile_url
9087,Aaron Solo,,,,,All Elite Wrestling,,,https://www.cagematch.net/?id=2&nr=9087&gimmick=Aaron+Solo
17405,Ace Austin,,,,,All Elite Wrestling,,,https://www.cagematch.net/?id=2&nr=17405&gimmick=Ace+Austin
25588,Action Andretti,,,,,All Elite Wrestling,,,https://www.cagematch.net/?id=2&nr=25588&gimmick=Action+Andretti
7142,Adam Cole,,,,,All Elite Wrestling,,,https://www.cagematch.net/?id=2&nr=7142&gimmick=Adam+Cole
932,Adam Copeland,,,,,All Elite Wrestling,,,https://www.cagematch.net/?id=2&nr=932&gimmick=Adam+Copeland
11161,Adam Page,,,,,All Elite Wrestling,,,https://www.cagematch.net/?id=2&nr=11161&gimmick=Adam+Page
8145,Alex Abrahantes,,,,,All Elite Wrestling,,,https://www.cagematch.net/?id=2&nr=8145&gimmick=Alex+Abrahantes
26340,Alex Marvez,,,,,All Elite Wrestling,,,https://www.cagematch.net/?id=2&nr=26340&gimmick=Alex+Marvez
6215,Alex Reynolds,,,,,All Elite Wrestling,,,https://www.cagematch.net/?id=2&nr=6215&gimmick=Alex+Reynolds
12199,Alex Windsor,,,,,All Elite Wrestling,,,https://www.cagematch.net/?id=2&nr=12199&gimmick=Alex+Windsor
11033,Alexander Bird,,,,,All Elite Wrestling,,,https://www.cagematch.net/?id=2&nr=11033&gimmick=Alexander+Bird
20361,Alicia Atout,,,,,All Elite Wrestling,,,https://www.cagematch.net/?id=2&nr=20361&gimmick=Alicia+Atout
5994,Amanda Huber,,,,,All Elite Wrestling,,,https://www.cagematch.net/?id=2&nr=5994&gimmick=Amanda+Huber
4115,Andrew Thomas,,,,,All Elite Wrestling,,,https://www.cagematch.net/?id=2&nr=4115&gimmick=Andrew+Thomas
8047,Angelico,,,,,All Elite Wrestling,,,https://www.cagematch.net/?id=2&nr=8047&gimmick=Angelico
2245,Angelo Parker,,,,,All Elite Wrestling,,,https://www.cagematch.net/?id=2&nr=2245&gimmick=Angelo+Parker
22619,Anna Jay,,,,,All Elite Wrestling,,,https://www.cagematch.net/?id=2&nr=22619&gimmick=Anna+Jay
14810,Anthony Bowens,,,,,All Elite Wrestling,,,https://www.cagematch.net/?id=2&nr=14810&gimmick=Anthony+Bowens
8745,Anthony Henry,,,,,All Elite Wrestling,,,https://www.cagematch.net/?id=2&nr=8745&gimmick=Anthony+Henry
23823,Anthony Ogogo,,,,,All Elite Wrestling,,,https://www.cagematch.net/?id=2&nr=23823&gimmick=Anthony+Ogogo
9160,AR Fox,,,,,All Elite Wrestling,,,https://www.cagematch.net/?id=2&nr=9160&gimmick=AR+Fox
17165,Ariel Levy,,,,,All Elite Wrestling,,,https://www.cagematch.net/?id=2&nr=17165&gimmick=Ariel+Levy
4836,Ariya Daivari,,,,,All Elite Wrestling,,,https://www.cagematch.net/?id=2&nr=4836&gimmick=Ariya+Daivari
29191,Arkady Aura,,,,,All Elite Wrestling,,,https://www.cagematch.net/?id=2&nr=29191&gimmick=Arkady+Aura
7588,Athena,,,,,All Elite Wrestling,,,https://www.cagematch.net/?id=2&nr=7588&gimmick=Athena+
21156,Aubrey Edwards,,,,,All Elite Wrestling,,,https://www.cagematch.net/?id=2&nr=21156&gimmick=Aubrey+Edwards
20024,Austin Gunn,,,,,All Elite Wrestling,,,https://www.cagematch.net/?id=2&nr=20024&gimmick=Austin+Gunn
16339,Bandido,,,,,All Elite Wrestling,,,https://www.cagematch.net/?id=2&nr=16339&gimmick=Bandido++
7309,Beast Mortos,,,,,All Elite Wrestling,,,https://www.cagematch.net/?id=2&nr=7309&gimmick=Beast+Mortos
11618,Big Bill,,,,,All Elite Wrestling,,,https://www.cagematch.net/?id=2&nr=11618&gimmick=Big+Bill
30329,Big Boom AJ,,,,,All Elite Wrestling,,,https://www.cagematch.net/?id=2&nr=30329&gimmick=Big+Boom+AJ
21403,Billie Starkz,,,,,All Elite Wrestling,,,https://www.cagematch.net/?id=2&nr=21403&gimmick=Billie+Starkz
1081,Billy Gunn,,,,,All Elite Wrestling,,,https://www.cagematch.net/?id=2&nr=1081&gimmick=Billy+Gunn
23470,Bishop Kaun,,,,,All Elite Wrestling,,,https://www.cagematch.net/?id=2&nr=23470&gimmick=Bishop+Kaun
4307,Blade,,,,,All Elite Wrestling,,,https://www.cagematch.net/?id=2&nr=4307&gimmick=Blade+++++
21633,Blake Christian,,,,,All Elite Wrestling,,,https://www.cagematch.net/?id=2&nr=21633&gimmick=Blake+Christian
10071,Bobby Cruise,,,,,All Elite Wrestling,,,https://www.cagematch.net/?id=2&nr=10071&gimmick=Bobby+Cruise
1194,Bobby Lashley,,,,,All Elite Wrestling,,,https://www.cagematch.net/?id=2&nr=1194&gimmick=Bobby+Lashley
4767,Brandon Cutler,,,,,All Elite Wrestling,,,https://www.cagematch.net/?id=2&nr=4767&gimmick=Brandon+Cutler
28573,Brandon Martinez,,,,,All Elite Wrestling,,,https://www.cagematch.net/?id=2&nr=28573&gimmick=Brandon+Martinez
4823,Brian Cage,,,,,All Elite Wrestling,,,https://www.cagematch.net/?id=2&nr=4823&gimmick=Brian+Cage
31920,Brodie Lee Jr.,,,,,All Elite Wrestling,,,https://www.cagematch.net/?id=2&nr=31920&gimmick=Brodie+Lee+Jr.
18672,Brody King,,,,,All Elite Wrestling,,,https://www.cagematch.net/?id=2&nr=18672&gimmick=Brody+King
86,Bryan Danielson,,,,,All Elite Wrestling,,,https://www.cagematch.net/?id=2&nr=86&gimmick=Bryan+Danielson
16433,Bryan Keith,,,,,All Elite Wrestling,,,https://www.cagematch.net/?id=2&nr=16433&gimmick=Bryan+Keith
3890,Bryce Remsburg,,,,,All Elite Wrestling,,,https://www.cagematch.net/?id=2&nr=3890&gimmick=Bryce+Remsburg
13088,Buddy Matthews,,,,,All Elite Wrestling,,,https://www.cagematch.net/?id=2&nr=13088&gimmick=Buddy+Matthews
21060,Butcher,,,,,All Elite Wrestling,,,https://www.cagematch.net/?id=2&nr=21060&gimmick=Butcher+++++
838,Caprice Coleman,,,,,All Elite Wrestling,,,https://www.cagematch.net/?id=2&nr=838&gimmick=Caprice+Coleman
23922,Carlie Bravo,,,,,All Elite Wrestling,,,https://www.cagematch.net/?id=2&nr=23922&gimmick=Carlie+Bravo
1456,Carlos Cabrera,,,,,All Elite Wrestling,,,https://www.cagematch.net/?id=2&nr=1456&gimmick=Carlos+Cabrera
7159,Cash Wheeler,,,,,All Elite Wrestling,,,https://www.cagematch.net/?id=2&nr=7159&gimmick=Cash+Wheeler
870,Chris Hero,,,,,All Elite Wrestling,,,https://www.cagematch.net/?id=2&nr=870&gimmick=Chris+Hero
758,Chris Jericho,,,,,All Elite Wrestling,,,https://www.cagematch.net/?id=2&nr=758&gimmick=Chris+Jericho
820,Christian Cage,,,,,All Elite Wrestling,,,https://www.cagematch.net/?id=2&nr=820&gimmick=Christian+Cage
452,Christopher Daniels,,,,,All Elite Wrestling,,,https://www.cagematch.net/?id=2&nr=452&gimmick=Christopher+Daniels
3828,Chuck Taylor,,,,,All Elite Wrestling,,,https://www.cagematch.net/?id=2&nr=3828&gimmick=Chuck+Taylor
257,Claudio Castagnoli,,,,,All Elite Wrestling,,,https://www.cagematch.net/?id=2&nr=257&gimmick=Claudio+Castagnoli
23923,Cole Karter,,,,,All Elite Wrestling,,,https://www.cagematch.net/?id=2&nr=23923&gimmick=Cole+Karter
994,Colt Cabana,,,,,All Elite Wrestling,,,https://www.cagematch.net/?id=2&nr=994&gimmick=Colt+Cabana
23125,Colten Gunn,,,,,All Elite Wrestling,,,https://www.cagematch.net/?id=2&nr=23125&gimmick=Colten+Gunn
11852,Dalton Castle,,,,,All Elite Wrestling,,,https://www.cagematch.net/?id=2&nr=11852&gimmick=Dalton+Castle
16597,Danhausen,,,,,All Elite Wrestling,,,https://www.cagematch.net/?id=2&nr=16597&gimmick=Danhausen
20642,Daniel Garcia,,,,,All Elite Wrestling,,,https://www.cagematch.net/?id=2&nr=20642&gimmick=Daniel+Garcia
20610,Dante Martin,,,,,All Elite Wrestling,,,https://www.cagematch.net/?id=2&nr=20610&gimmick=Dante+Martin
18849,Darby Allin,,,,,All Elite Wrestling,,,https://www.cagematch.net/?id=2&nr=18849&gimmick=Darby+Allin
19862,Darius Martin,,,,,All Elite Wrestling,,,https://www.cagematch.net/?id=2&nr=19862&gimmick=Darius+Martin
12068,Dax Harwood,,,,,All Elite Wrestling,,,https://www.cagematch.net/?id=2&nr=12068&gimmick=Dax+Harwood
531,Dean Malenko,,,,,All Elite Wrestling,,,https://www.cagematch.net/?id=2&nr=531&gimmick=Dean+Malenko
16263,Deonna Purrazzo,,,,,All Elite Wrestling,,,https://www.cagematch.net/?id=2&nr=16263&gimmick=Deonna+Purrazzo
8526,Diamante,,,,,All Elite Wrestling,,,https://www.cagematch.net/?id=2&nr=8526&gimmick=Diamante+++++
199,Don Callis,,,,,All Elite Wrestling,,,https://www.cagematch.net/?id=2&nr=199&gimmick=Don+Callis
17188,Dr. Britt Baker DMD,,,,,All Elite Wrestling,,,https://www.cagematch.net/?id=2&nr=17188&gimmick=Dr.+Britt+Baker+DMD
10125,Dralistico,,,,,All Elite Wrestling,,,https://www.cagematch.net/?id=2&nr=10125&gimmick=Dralistico
917,Dustin Rhodes,,,,,All Elite Wrestling,,,https://www.cagematch.net/?id=2&nr=917&gimmick=Dustin+Rhodes
902,Eddie Kingston,,,,,All Elite Wrestling,,,https://www.cagematch.net/?id=2&nr=902&gimmick=Eddie+Kingston
4629,Emi Sakura,,,,,All Elite Wrestling,,,https://www.cagematch.net/?id=2&nr=4629&gimmick=Emi+Sakura
2397,Evil Uno,,,,,All Elite Wrestling,,,https://www.cagematch.net/?id=2&nr=2397&gimmick=Evil+Uno
252,Excalibur,,,,,All Elite Wrestling,,,https://www.cagematch.net/?id=2&nr=252&gimmick=Excalibur
2287,Glacier,,,,,All Elite Wrestling,,,https://www.cagematch.net/?id=2&nr=2287&gimmick=Glacier
18858,Griff Garrison,,,,,All Elite Wrestling,,,https://www.cagematch.net/?id=2&nr=18858&gimmick=Griff+Garrison
26957,Harley Cameron,,,,,All Elite Wrestling,,,https://www.cagematch.net/?id=2&nr=26957&gimmick=Harley+Cameron
9462,Hikaru Shida,,,,,All Elite Wrestling,,,https://www.cagematch.net/?id=2&nr=9462&gimmick=Hikaru+Shida
16560,Hologram,,,,,All Elite Wrestling,,,https://www.cagematch.net/?id=2&nr=16560&gimmick=Hologram
24607,Hook,,,,,All Elite Wrestling,,,https://www.cagematch.net/?id=2&nr=24607&gimmick=Hook
19008,Ian Riccaboni,,,,,All Elite Wrestling,,,https://www.cagematch.net/?id=2&nr=19008&gimmick=Ian+Riccaboni
18237,Jack Perry,,,,,All Elite Wrestling,,,https://www.cagematch.net/?id=2&nr=18237&gimmick=Jack+Perry
24234,Jacked Jameson,,,,,All Elite Wrestling,,,https://www.cagematch.net/?id=2&nr=24234&gimmick=Jacked+Jameson
23924,Jacoby Watts,,,,,All Elite Wrestling,,,https://www.cagematch.net/?id=2&nr=23924&gimmick=Jacoby+Watts
30011,Jael,,,,,All Elite Wrestling,,,https://www.cagematch.net/?id=2&nr=30011&gimmick=Jael
2667,Jake Manning,,,,,All Elite Wrestling,,,https://www.cagematch.net/?id=2&nr=2667&gimmick=Jake+Manning
36,Jake Roberts,,,,,All Elite Wrestling,,,https://www.cagematch.net/?id=2&nr=36&gimmick=Jake+Roberts
18784,Jamie Hayter,,,,,All Elite Wrestling,,,https://www.cagematch.net/?id=2&nr=18784&gimmick=Jamie+Hayter
61,Jay Lethal,,,,,All Elite Wrestling,,,https://www.cagematch.net/?id=2&nr=61&gimmick=Jay+Lethal
15782,Jay White,,,,,All Elite Wrestling,,,https://www.cagematch.net/?id=2&nr=15782&gimmick=Jay+White
18677,JD Drake,,,,,All Elite Wrestling,,,https://www.cagematch.net/?id=2&nr=18677&gimmick=JD+Drake
564,Jeff Jarrett,,,,,All Elite Wrestling,,,https://www.cagematch.net/?id=2&nr=564&gimmick=Jeff+Jarrett
2578,Jeff Jones,,,,,All Elite Wrestling,,,https://www.cagematch.net/?id=2&nr=2578&gimmick=Jeff+Jones
882,Jerry Lynn,,,,,All Elite Wrestling,,,https://www.cagematch.net/?id=2&nr=882&gimmick=Jerry+Lynn
439,Jim Ross,,,,,All Elite Wrestling,,,https://www.cagematch.net/?id=2&nr=439&gimmick=Jim+Ross
6959,John Silver,,,,,All Elite Wrestling,,,https://www.cagematch.net/?id=2&nr=6959&gimmick=John+Silver
1099,Johnny TV,,,,,All Elite Wrestling,,,https://www.cagematch.net/?id=2&nr=1099&gimmick=Johnny+TV
3940,Jon Moxley,,,,,All Elite Wrestling,,,https://www.cagematch.net/?id=2&nr=3940&gimmick=Jon+Moxley
6021,Josh Alexander,,,,,All Elite Wrestling,,,https://www.cagematch.net/?id=2&nr=6021&gimmick=Josh+Alexander
337,Josh Mathews,,,,,All Elite Wrestling,,,https://www.cagematch.net/?id=2&nr=337&gimmick=Josh+Mathews
17750,Josh Woods,,,,,All Elite Wrestling,,,https://www.cagematch.net/?id=2&nr=17750&gimmick=Josh+Woods
10592,Juice Robinson,,,,,All Elite Wrestling,,,https://www.cagematch.net/?id=2&nr=10592&gimmick=Juice+Robinson
24024,Julia Hart,,,,,All Elite Wrestling,,,https://www.cagematch.net/?id=2&nr=24024&gimmick=Julia+Hart
492,Justin Roberts,,,,,All Elite Wrestling,,,https://www.cagematch.net/?id=2&nr=492&gimmick=Justin+Roberts
20087,Kamille,,,,,All Elite Wrestling,,,https://www.cagematch.net/?id=2&nr=20087&gimmick=Kamille
5451,Karen Jarrett,,,,,All Elite Wrestling,,,https://www.cagematch.net/?id=2&nr=5451&gimmick=Karen+Jarrett
27474,Karen Tran,,,,,All Elite Wrestling,,,https://www.cagematch.net/?id=2&nr=27474&gimmick=Karen+Tran
26470,Katie Hebner,,,,,All Elite Wrestling,,,https://www.cagematch.net/?id=2&nr=26470&gimmick=Katie+Hebner
1202,Katsuyori Shibata,,,,,All Elite Wrestling,,,https://www.cagematch.net/?id=2&nr=1202&gimmick=Katsuyori+Shibata
4324,Kazuchika Okada,,,,,All Elite Wrestling,,,https://www.cagematch.net/?id=2&nr=4324&gimmick=Kazuchika+Okada
13732,Keith Lee,,,,,All Elite Wrestling,,,https://www.cagematch.net/?id=2&nr=13732&gimmick=Keith+Lee
2906,Kenny Omega,,,,,All Elite Wrestling,,,https://www.cagematch.net/?id=2&nr=2906&gimmick=Kenny+Omega
23592,Kevin Knight,,,,,All Elite Wrestling,,,https://www.cagematch.net/?id=2&nr=23592&gimmick=Kevin+Knight+
2443,Kevin Matthews,,,,,All Elite Wrestling,,,https://www.cagematch.net/?id=2&nr=2443&gimmick=Kevin+Matthews
660,Kevin von Erich,,,,,All Elite Wrestling,,,https://www.cagematch.net/?id=2&nr=660&gimmick=Kevin+von+Erich
17786,Kiera Hogan,,,,,All Elite Wrestling,,,https://www.cagematch.net/?id=2&nr=17786&gimmick=Kiera+Hogan
11924,Killswitch,,,,,All Elite Wrestling,,,https://www.cagematch.net/?id=2&nr=11924&gimmick=Killswitch+++
14266,Kip Sabian,,,,,All Elite Wrestling,,,https://www.cagematch.net/?id=2&nr=14266&gimmick=Kip+Sabian
20089,Komander,,,,,All Elite Wrestling,,,https://www.cagematch.net/?id=2&nr=20089&gimmick=Komander
13073,Konosuke Takeshita,,,,,All Elite Wrestling,,,https://www.cagematch.net/?id=2&nr=13073&gimmick=Konosuke+Takeshita
4588,Kota Ibushi,,,,,All Elite Wrestling,,,https://www.cagematch.net/?id=2&nr=4588&gimmick=Kota+Ibushi
20328,Kris Statlander,,,,,All Elite Wrestling,,,https://www.cagematch.net/?id=2&nr=20328&gimmick=Kris+Statlander
19255,Kyle Fletcher,,,,,All Elite Wrestling,,,https://www.cagematch.net/?id=2&nr=19255&gimmick=Kyle+Fletcher
4006,Kyle O'Reilly,,,,,All Elite Wrestling,,,https://www.cagematch.net/?id=2&nr=4006&gimmick=Kyle+O'Reilly
21128,Lady Frost,,,,,All Elite Wrestling,,,https://www.cagematch.net/?id=2&nr=21128&gimmick=Lady+Frost
1062,Lance Archer,,,,,All Elite Wrestling,,,https://www.cagematch.net/?id=2&nr=1062&gimmick=Lance+Archer
22366,Lee Johnson,,,,,All Elite Wrestling,,,https://www.cagematch.net/?id=2&nr=22366&gimmick=Lee+Johnson
19517,Lee Moriarty,,,,,All Elite Wrestling,,,https://www.cagematch.net/?id=2&nr=19517&gimmick=Lee+Moriarty
23927,Leila Grey,,,,,All Elite Wrestling,,,https://www.cagematch.net/?id=2&nr=23927&gimmick=Leila+Grey
28134,Lexy Nair,,,,,All Elite Wrestling,,,https://www.cagematch.net/?id=2&nr=28134&gimmick=Lexy+Nair
16322,Lio Rush,,,,,All Elite Wrestling,,,https://www.cagematch.net/?id=2&nr=16322&gimmick=Lio+Rush
171,Luther,,,,,All Elite Wrestling,,,https://www.cagematch.net/?id=2&nr=171&gimmick=Luther
5724,Madison Rayne,,,,,All Elite Wrestling,,,https://www.cagematch.net/?id=2&nr=5724&gimmick=Madison+Rayne
19588,Mansoor,,,,,All Elite Wrestling,,,https://www.cagematch.net/?id=2&nr=19588&gimmick=Mansoor
20335,Marina Shafir,,,,,All Elite Wrestling,,,https://www.cagematch.net/?id=2&nr=20335&gimmick=Marina+Shafir
110,Mark Briscoe,,,,,All Elite Wrestling,,,https://www.cagematch.net/?id=2&nr=110&gimmick=Mark+Briscoe
11545,Mark Davis,,,,,All Elite Wrestling,,,https://www.cagematch.net/?id=2&nr=11545&gimmick=Mark+Davis
20745,Mark Sterling,,,,,All Elite Wrestling,,,https://www.cagematch.net/?id=2&nr=20745&gimmick=Mark+Sterling++
17990,Mason Madden,,,,,All Elite Wrestling,,,https://www.cagematch.net/?id=2&nr=17990&gimmick=Mason+Madden
4739,Matt Jackson,,,,,All Elite Wrestling,,,https://www.cagematch.net/?id=2&nr=4739&gimmick=Matt+Jackson
2243,Matt Menard,,,,,All Elite Wrestling,,,https://www.cagematch.net/?id=2&nr=2243&gimmick=Matt+Menard
1065,Matt Sydal,,,,,All Elite Wrestling,,,https://www.cagematch.net/?id=2&nr=1065&gimmick=Matt+Sydal
9028,Matt Taven,,,,,All Elite Wrestling,,,https://www.cagematch.net/?id=2&nr=9028&gimmick=Matt+Taven
19761,Max Caster,,,,,All Elite Wrestling,,,https://www.cagematch.net/?id=2&nr=19761&gimmick=Max+Caster
10084,Megan Bayne,,,,,All Elite Wrestling,,,https://www.cagematch.net/?id=2&nr=10084&gimmick=Megan+Bayne
16301,Melissa Santos,,,,,All Elite Wrestling,,,https://www.cagematch.net/?id=2&nr=16301&gimmick=Melissa+Santos
1117,Mercedes Martinez,,,,,All Elite Wrestling,,,https://www.cagematch.net/?id=2&nr=1117&gimmick=Mercedes+Martinez
10962,Mercedes Mone,,,,,All Elite Wrestling,,,https://www.cagematch.net/?id=2&nr=10962&gimmick=Mercedes+Mone
5475,Michael Nakazawa,,,,,All Elite Wrestling,,,https://www.cagematch.net/?id=2&nr=5475&gimmick=Michael+Nakazawa
12214,Mike Bailey,,,,,All Elite Wrestling,,,https://www.cagematch.net/?id=2&nr=12214&gimmick=Mike+Bailey
4769,Mike Bennett,,,,,All Elite Wrestling,,,https://www.cagematch.net/?id=2&nr=4769&gimmick=Mike+Bennett
1780,Mike Posey,,,,,All Elite Wrestling,,,https://www.cagematch.net/?id=2&nr=1780&gimmick=Mike+Posey
20432,Mina Shirakawa,,,,,All Elite Wrestling,,,https://www.cagematch.net/?id=2&nr=20432&gimmick=Mina+Shirakawa
17012,MJF,,,,,All Elite Wrestling,,,https://www.cagematch.net/?id=2&nr=17012&gimmick=MJF
28679,Mother Wayne,,,,,All Elite Wrestling,,,https://www.cagematch.net/?id=2&nr=28679&gimmick=Mother+Wayne
561,MVP,,,,,All Elite Wrestling,,,https://www.cagematch.net/?id=2&nr=561&gimmick=MVP++
8329,Nathan Cruz,,,,,All Elite Wrestling,,,https://www.cagematch.net/?id=2&nr=8329&gimmick=Nathan+Cruz
18841,Nick Comoroto,,,,,All Elite Wrestling,,,https://www.cagematch.net/?id=2&nr=18841&gimmick=Nick+Comoroto
4740,Nick Jackson,,,,,All Elite Wrestling,,,https://www.cagematch.net/?id=2&nr=4740&gimmick=Nick+Jackson
23867,Nick Wayne,,,,,All Elite Wrestling,,,https://www.cagematch.net/?id=2&nr=23867&gimmick=Nick+Wayne
484,Nigel McGuinness,,,,,All Elite Wrestling,,,https://www.cagematch.net/?id=2&nr=484&gimmick=Nigel+McGuinness
17025,Nyla Rose,,,,,All Elite Wrestling,,,https://www.cagematch.net/?id=2&nr=17025&gimmick=Nyla+Rose
2813,Orange Cassidy,,,,,All Elite Wrestling,,,https://www.cagematch.net/?id=2&nr=2813&gimmick=Orange+Cassidy
12893,Ortiz,,,,,All Elite Wrestling,,,https://www.cagematch.net/?id=2&nr=12893&gimmick=Ortiz+
3497,PAC,,,,,All Elite Wrestling,,,https://www.cagematch.net/?id=2&nr=3497&gimmick=PAC
3463,Pat Buck,,,,,All Elite Wrestling,,,https://www.cagematch.net/?id=2&nr=3463&gimmick=Pat+Buck
21686,Paul Turner,,,,,All Elite Wrestling,,,https://www.cagematch.net/?id=2&nr=21686&gimmick=Paul+Turner
712,Paul Wight,,,,,All Elite Wrestling,,,https://www.cagematch.net/?id=2&nr=712&gimmick=Paul+Wight
17027,Penelope Ford,,,,,All Elite Wrestling,,,https://www.cagematch.net/?id=2&nr=17027&gimmick=Penelope+Ford
8148,Peter Avalon,,,,,All Elite Wrestling,,,https://www.cagematch.net/?id=2&nr=8148&gimmick=Peter+Avalon
12277,Powerhouse Hobbs,,,,,All Elite Wrestling,,,https://www.cagematch.net/?id=2&nr=12277&gimmick=Powerhouse+Hobbs
20399,Preston Vance,,,,,All Elite Wrestling,,,https://www.cagematch.net/?id=2&nr=20399&gimmick=Preston+Vance
734,Prince Nana,,,,,All Elite Wrestling,,,https://www.cagematch.net/?id=2&nr=734&gimmick=Prince+Nana
7870,QT Marshall,,,,,All Elite Wrestling,,,https://www.cagematch.net/?id=2&nr=7870&gimmick=QT+Marshall
22688,Queen Aminata,,,,,All Elite Wrestling,,,https://www.cagematch.net/?id=2&nr=22688&gimmick=Queen+Aminata
15417,Quen,,,,,All Elite Wrestling,,,https://www.cagematch.net/?id=2&nr=15417&gimmick=Quen
9219,RD Evans,,,,,All Elite Wrestling,,,https://www.cagematch.net/?id=2&nr=9219&gimmick=RD+Evans
14663,Rebel,,,,,All Elite Wrestling,,,https://www.cagematch.net/?id=2&nr=14663&gimmick=Rebel++++
22271,Red Velvet,,,,,All Elite Wrestling,,,https://www.cagematch.net/?id=2&nr=22271&gimmick=Red+Velvet
13916,Renee Paquette,,,,,All Elite Wrestling,,,https://www.cagematch.net/?id=2&nr=13916&gimmick=Renee+Paquette
14275,Rick Knox,,,,,All Elite Wrestling,,,https://www.cagematch.net/?id=2&nr=14275&gimmick=Rick+Knox
3827,Ricochet,,,,,All Elite Wrestling,,,https://www.cagematch.net/?id=2&nr=3827&gimmick=Ricochet
9434,Riho,,,,,All Elite Wrestling,,,https://www.cagematch.net/?id=2&nr=9434&gimmick=Riho
7788,RJ City,,,,,All Elite Wrestling,,,https://www.cagematch.net/?id=2&nr=7788&gimmick=RJ+City
31,Roderick Strong,,,,,All Elite Wrestling,,,https://www.cagematch.net/?id=2&nr=31&gimmick=Roderick+Strong
26584,Rosario Grillo,,,,,All Elite Wrestling,,,https://www.cagematch.net/?id=2&nr=26584&gimmick=Rosario+Grillo
12698,Ruby Soho,,,,,All Elite Wrestling,,,https://www.cagematch.net/?id=2&nr=12698&gimmick=Ruby+Soho
8677,Rush,,,,,All Elite Wrestling,,,https://www.cagematch.net/?id=2&nr=8677&gimmick=Rush+++
15284,Sammy Guevara,,,,,All Elite Wrestling,,,https://www.cagematch.net/?id=2&nr=15284&gimmick=Sammy+Guevara
676,Samoa Joe,,,,,All Elite Wrestling,,,https://www.cagematch.net/?id=2&nr=676&gimmick=Samoa+Joe
25702,Satnam Singh,,,,,All Elite Wrestling,,,https://www.cagematch.net/?id=2&nr=25702&gimmick=Satnam+Singh
293,Scorpio Sky,,,,,All Elite Wrestling,,,https://www.cagematch.net/?id=2&nr=293&gimmick=Scorpio+Sky
527,Scott Garland,,,,,All Elite Wrestling,,,https://www.cagematch.net/?id=2&nr=527&gimmick=Scott+Garland
3821,Serena Deeb,,,,,All Elite Wrestling,,,https://www.cagematch.net/?id=2&nr=3821&gimmick=Serena+Deeb
10297,Serpentico,,,,,All Elite Wrestling,,,https://www.cagematch.net/?id=2&nr=10297&gimmick=Serpentico
2855,Shane Hagadorn,,,,,All Elite Wrestling,,,https://www.cagematch.net/?id=2&nr=2855&gimmick=Shane+Hagadorn
2912,Shane Taylor,,,,,All Elite Wrestling,,,https://www.cagematch.net/?id=2&nr=2912&gimmick=Shane+Taylor
22365,Shawn Dean,,,,,All Elite Wrestling,,,https://www.cagematch.net/?id=2&nr=22365&gimmick=Shawn+Dean
823,Shelton Benjamin,,,,,All Elite Wrestling,,,https://www.cagematch.net/?id=2&nr=823&gimmick=Shelton+Benjamin
23406,Skye Blue,,,,,All Elite Wrestling,,,https://www.cagematch.net/?id=2&nr=23406&gimmick=Skye+Blue
569,Sonjay Dutt,,,,,All Elite Wrestling,,,https://www.cagematch.net/?id=2&nr=569&gimmick=Sonjay+Dutt
11465,Stephon Smith,,,,,All Elite Wrestling,,,https://www.cagematch.net/?id=2&nr=11465&gimmick=Stephon+Smith
263,Sting,,,,,All Elite Wrestling,,,https://www.cagematch.net/?id=2&nr=263&gimmick=Sting
16632,Stokely,,,,,All Elite Wrestling,,,https://www.cagematch.net/?id=2&nr=16632&gimmick=Stokely
12703,Swerve Strickland,,,,,All Elite Wrestling,,,https://www.cagematch.net/?id=2&nr=12703&gimmick=Swerve+Strickland
18241,Tay Melo,,,,,All Elite Wrestling,,,https://www.cagematch.net/?id=2&nr=18241&gimmick=Tay+Melo
11191,Taya Valkyrie,,,,,All Elite Wrestling,,,https://www.cagematch.net/?id=2&nr=11191&gimmick=Taya+Valkyrie
446,Taz,,,,,All Elite Wrestling,,,https://www.cagematch.net/?id=2&nr=446&gimmick=Taz
22328,Thekla,,,,,All Elite Wrestling,,,https://www.cagematch.net/?id=2&nr=22328&gimmick=Thekla
16209,Thunder Rosa,,,,,All Elite Wrestling,,,https://www.cagematch.net/?id=2&nr=16209&gimmick=Thunder+Rosa
24794,Toa Liona,,,,,All Elite Wrestling,,,https://www.cagematch.net/?id=2&nr=24794&gimmick=Toa+Liona
26540,Tommy Billington,,,,,All Elite Wrestling,,,https://www.cagematch.net/?id=2&nr=26540&gimmick=Tommy+Billington+
15978,Toni Storm,,,,,All Elite Wrestling,,,https://www.cagematch.net/?id=2&nr=15978&gimmick=Toni+Storm
1126,Tony Chimel,,,,,All Elite Wrestling,,,https://www.cagematch.net/?id=2&nr=1126&gimmick=Tony+Chimel
23407,Tony Khan,,,,,All Elite Wrestling,,,https://www.cagematch.net/?id=2&nr=23407&gimmick=Tony+Khan
5741,Tony Nese,,,,,All Elite Wrestling,,,https://www.cagematch.net/?id=2&nr=5741&gimmick=Tony+Nese
1128,Tony Schiavone,,,,,All Elite Wrestling,,,https://www.cagematch.net/?id=2&nr=1128&gimmick=Tony+Schiavone
2963,Trent Beretta,,,,,All Elite Wrestling,,,https://www.cagematch.net/?id=2&nr=2963&gimmick=Trent+Beretta
7058,Truth Magnum,,,,,All Elite Wrestling,,,https://www.cagematch.net/?id=2&nr=7058&gimmick=Truth+Magnum
20116,Turbo Floyd,,,,,All Elite Wrestling,,,https://www.cagematch.net/?id=2&nr=20116&gimmick=Turbo+Floyd
21054,Viva Van,,,,,All Elite Wrestling,,,https://www.cagematch.net/?id=2&nr=21054&gimmick=Viva+Van
16006,Wardlow,,,,,All Elite Wrestling,,,https://www.cagematch.net/?id=2&nr=16006&gimmick=Wardlow
19733,Wheeler Yuta,,,,,All Elite Wrestling,,,https://www.cagematch.net/?id=2&nr=19733&gimmick=Wheeler+Yuta
14028,Will Ospreay,,,,,All Elite Wrestling,,,https://www.cagematch.net/?id=2&nr=14028&gimmick=Will+Ospreay
17272,Willow Nightingale,,,,,All Elite Wrestling,,,https://www.cagematch.net/?id=2&nr=17272&gimmick=Willow+Nightingale
16547,Yuka Sakazaki,,,,,All Elite Wrestling,,,https://www.cagematch.net/?id=2&nr=16547&gimmick=Yuka+Sakazaki
18653,Zay,,,,,All Elite Wrestling,,,https://www.cagematch.net/?id=2&nr=18653&gimmick=Zay
